{
  "analyze_sentiment": {
    "lm": null,
    "traces": [],
    "train": [],
    "demos": [
      {
        "augmented": true,
        "sentence": "sarah palin is awesome. | yes she is",
        "aspect": "sarah palin",
        "context": "# Constrain context:From the statement 'sarah palin is awesome. | yes she is':\n\n- **Can we infer that sarah palin is positive?** Yes.\n- **Can we infer that sarah palin is negative?** No.\n- **Can we infer that sarah palin is neutral?** No.\n\n# Background context:Sarah Palin is a prominent American politician, born on February 11, 1964, known for her roles as the Governor of Alaska and as the Republican nominee for Vice President of the United States in 2008. She burst onto the national political scene as Senator John McCain's running mate during the 2008 presidential election, bringing her a significant amount of media attention and public scrutiny.\n\nBefore her vice-presidential candidacy, Palin served as the ninth Governor of Alaska from 2006 to 2009, becoming the state's first female governor and the youngest person to hold the office at the age of 42. As governor, she focused on issues such as energy policy, ethics reform, and fiscal conservatism, aligning herself with the Republican Party's conservative base.\n\nPalin's political career has been characterized by her strong conservative views, advocacy for gun rights, opposition to abortion, and support for traditional family values. Her folksy demeanor and outspoken nature endeared her to many conservatives but also drew criticism for perceived lack of experience and controversial statements on various issues.\n\nSince her vice-presidential campaign, Palin has remained active in conservative politics, advocating for various causes and occasionally commenting on national and international affairs. While she did not pursue higher political office after her time as governor, Palin continues to be a polarizing figure in American politics, influencing debates on issues ranging from energy policy to social conservatism.\n\n# Analogies context:Sure, here are three Aspect-Based Sentiment Analysis examples involving the aspect \"Sarah Palin\":\n\n1. **Sentence**: \"Sarah Palin's speech at the convention was electrifying, rallying her base with passionate rhetoric.\"\n   - **Predicted Sentiment Polarity**: Positive\n\n2. **Sentence**: \"Critics argue that Sarah Palin lacks the necessary experience for higher office.\"\n   - **Predicted Sentiment Polarity**: Negative\n\n3. **Sentence**: \"Sarah Palin's endorsement of the candidate bolstered his standing among conservative voters.\"\n   - **Predicted Sentiment Polarity**: Positive\n\nAspect-Based Sentiment Analysis involves identifying specific aspects (entities or concepts like \"Sarah Palin\" in this case) within a sentence and determining the sentiment polarity associated with each aspect. These examples demonstrate how sentiment can vary depending on the context in which the aspect is mentioned.",
        "rationale": "analyze the sentiment polarity of the given sentences and their aspects.\n\n---\n\nSentence: ff markieai likes animals . hates spiders . hates charlie sheen . likes cookies .\n\nAspect: charlie sheen\n\nReasoning: Let's think step by step in order to determine the sentiment. The sentence mentions \"hates charlie sheen,\" indicating a negative sentiment towards him. This sentiment is derived from the word \"hates,\" which clearly expresses a strong negative emotion or dislike towards Charlie Sheen.",
        "sentiment": "negative\n\n---\n\nSentence: hilary swank as amelia earhart is actually pretty great casting .\n\nAspect: hilary swank\n\nReasoning: Let's think step by step in order to determine the sentiment. The sentence describes Hilary Swank's portrayal of Amelia Earhart as \"pretty great casting,\" which suggests admiration and approval. The use of \"pretty great\" implies a positive evaluation of her performance in the role of Amelia Earhart.\n\nSentiment: positive\n\n---\n\nSentence: lindsay lohan must hate herself : samantha ronson has more followers on twitter. you know you 've hit rock bottom when...\n\nAspect: lindsay lohan\n\nReasoning: Let's think step by step in order to determine the sentiment. The sentence suggests a comparison between Lindsay Lohan and Samantha Ronson's popularity on Twitter, implying a sense of disappointment or low self-esteem for Lindsay Lohan. However, the sentiment towards Lindsay Lohan herself is not explicitly negative or positive; it reflects a neutral observation about her situation.\n\nSentiment: neutral\n\n---\n\nIn Aspect-Based Sentiment Analysis, understanding the sentiment polarity involves examining the specific aspect mentioned in the context of the sentence and interpreting the emotional tone conveyed towards that aspect. Each analysis above demonstrates how different sentiments are inferred based on the language and context provided in the sentences."
      },
      {
        "augmented": true,
        "sentence": "i love google ! as a whole with all its services",
        "aspect": "google",
        "context": "# Constrain context:Based on the statement \"i love google ! as a whole with all its services\":\n\n1. From 'i love google ! as a whole with all its services', can we infer that the google is positive? **Yes**\n2. From 'i love google ! as a whole with all its services', can we infer that the google is negative? **No**\n3. From 'i love google ! as a whole with all its services', can we infer that the google is neutral? **No**\n\n# Background context:Google is a multinational technology company renowned for its dominance in internet-related products and services. Founded in 1998 by Larry Page and Sergey Brin while they were Ph.D. students at Stanford University, Google quickly rose to prominence with its pioneering search engine. The company's mission statement, \"to organize the world's information and make it universally accessible and useful,\" underscores its core philosophy of providing easy access to vast amounts of information.\n\nGoogle's flagship product, its search engine, revolutionized how people find information online by employing complex algorithms that prioritize relevance and quality. Over the years, Google has expanded its portfolio to include a wide array of services such as Gmail (email), Google Maps (mapping and navigation), Google Drive (cloud storage), and Google Docs (document editing), among others. These services are all interconnected through a single Google account, offering users seamless access across devices.\n\nBeyond its consumer services, Google has made significant strides in artificial intelligence (AI) and machine learning, driving innovations in areas like natural language processing, image recognition, and autonomous vehicles through its subsidiary Waymo. Google's parent company, Alphabet Inc., encompasses diverse ventures including Verily (life sciences), Calico (biotechnology), and X Development (moonshot projects).\n\nGoogle's influence extends beyond technology into advertising (via Google Ads), video content (YouTube), and mobile operating systems (Android). The company's corporate culture, characterized by innovation, employee perks, and a commitment to sustainability, has made it a top destination for tech talent worldwide.\n\nIn summary, Google's impact on the digital landscape is profound, shaping how individuals and businesses interact with information and technology globally.\n\n# Analogies context:Sure, here are three Aspect-Based Sentiment Analysis examples involving the aspect \"google\":\n\n1. **Sentence**: \"I find Google's search engine results accurate and comprehensive.\"\n   - **Predicted sentiment polarity**: Positive\n   - **Explanation**: The sentiment towards the aspect \"Google's search engine results\" is positive because the statement expresses satisfaction with the accuracy and comprehensiveness of Google's search engine.\n\n2. **Sentence**: \"Google's customer support is slow to respond to queries.\"\n   - **Predicted sentiment polarity**: Negative\n   - **Explanation**: The sentiment towards the aspect \"Google's customer support\" is negative because the statement criticizes the slow response time of Google's customer support.\n\n3. **Sentence**: \"I am neutral about Google's latest privacy policy update.\"\n   - **Predicted sentiment polarity**: Neutral\n   - **Explanation**: The sentiment towards the aspect \"Google's latest privacy policy update\" is neutral because the statement indicates a lack of strong positive or negative feelings; the individual is neither pleased nor displeased with the update.\n\nThese examples illustrate how Aspect-Based Sentiment Analysis can categorize sentiments towards specific aspects of entities, in this case, \"Google\". The analysis focuses on extracting sentiments related to particular aspects mentioned within sentences, which helps in understanding opinions more granularly than traditional sentiment analysis.",
        "rationale": "Context: Aspect-Based Sentiment Analysis involves examining specific aspects within sentences to determine sentiments towards those aspects.\n\n---\n\nSentence: ff markieai likes animals . hates spiders . hates charlie sheen . likes cookies .\n\nAspect: charlie sheen\n\nReasoning: Let's think step by step in order to determine the sentiment. The sentence \"ff markieai likes animals. hates spiders. hates charlie sheen. likes cookies.\" expresses a variety of sentiments towards different aspects. Specifically, the sentiment towards \"charlie sheen\" is negative. This is inferred from the phrase \"hates charlie sheen,\" indicating a strong negative feeling or disapproval towards the individual.",
        "sentiment": "negative\n\n---\n\nSentence: hilary swank as amelia earhart is actually pretty great casting .\n\nAspect: hilary swank\n\nReasoning: Let's think step by step in order to determine the sentiment. The sentence \"hilary swank as amelia earhart is actually pretty great casting\" portrays a positive sentiment towards \"hilary swank.\" The use of \"pretty great casting\" suggests approval and satisfaction with her portrayal as Amelia Earhart, indicating a favorable opinion.\n\nSentiment: positive\n\n---\n\nSentence: sarah palin is awesome. | yes she is\n\nAspect: sarah palin\n\nReasoning: Let's think step by step in order to determine the sentiment. The expressions \"sarah palin is awesome\" and \"yes she is\" both convey a positive sentiment towards Sarah Palin. These statements indicate admiration and approval of Sarah Palin's qualities or actions.\n\nSentiment: positive\n\n---\n\nSentence: lindsay lohan must hate herself : samantha ronson has more followers on twitter. you know you 've hit rock bottom when...\n\nAspect: lindsay lohan\n\nReasoning: Let's think step by step in order to determine the sentiment. The sentence \"lindsay lohan must hate herself: samantha ronson has more followers on twitter. you know you've hit rock bottom when...\" suggests a neutral sentiment towards \"lindsay lohan.\" While the phrase \"must hate herself\" implies a negative self-perception, the overall sentiment is neutral as it discusses a comparative social media metric rather than expressing direct positive or negative feelings towards Lindsay Lohan.\n\nSentiment: neutral"
      },
      {
        "augmented": true,
        "sentence": "my 3-year-old was amazed yesterday to find that ' real ' 10 pin bowling is nothing like it is on the wii ...",
        "aspect": "wii",
        "context": "# Constrain context:Based on the sentence \"my 3-year-old was amazed yesterday to find that 'real' 10 pin bowling is nothing like it is on the wii ...\":\n\n1. **Can we infer that the wii is positive?**  \n   No. The sentence suggests that real 10 pin bowling is different from how it is portrayed on the Wii, indicating a contrast rather than a positive evaluation of the Wii.\n\n2. **Can we infer that the wii is negative?**  \n   No. While the sentence implies a difference between real bowling and Wii bowling, it does not explicitly suggest a negative evaluation of the Wii.\n\n3. **Can we infer that the wii is neutral?**  \n   Yes. The sentence implies that the real experience of bowling differs from the virtual experience on the Wii, but it does not provide a positive or negative evaluation of the Wii itself, hence implying neutrality.\n\n# Background context:The Wii, developed by Nintendo, revolutionized gaming when it was released in 2006. It was a seventh-generation console known for its innovative motion-sensing controller, the Wii Remote (or Wiimote), which allowed players to interact with games through physical movements. This departure from traditional button-based controllers made gaming more accessible and intuitive, appealing to a broader audience beyond traditional gamers.\n\nOne of the Wii's standout features was its emphasis on motion controls, enabling players to swing, point, and gesture to control gameplay. This innovation was exemplified in games like Wii Sports, which showcased various sports activities such as tennis, bowling, and boxing. Wii Sports became synonymous with the console, demonstrating its appeal for casual gamers and families.\n\nApart from its controller, the Wii also introduced the Virtual Console service, allowing users to download and play games from older Nintendo consoles like the NES, SNES, and Nintendo 64. This expanded the library of available games significantly and appealed to nostalgic gamers.\n\nIn terms of sales and impact, the Wii was highly successful, outselling its competitors, the Xbox 360 and PlayStation 3, during its generation. Its focus on accessibility and family-friendly gaming experiences helped broaden the gaming market, attracting demographics beyond the typical young male demographic.\n\nWhile later years saw the rise of more advanced consoles, the Wii's influence on gaming remains significant. It highlighted the potential of motion controls in gaming, inspired competitors to explore similar technologies, and cemented Nintendo's reputation for innovation in the industry.\n\n# Analogies context:Aspect-Based Sentiment Analysis (ABSA) involves analyzing opinions about specific aspects or entities within text. Here are three examples with the aspect 'Wii':\n\n1. **Sentence:** \"The graphics of the Wii are not as powerful as its competitors, but its gameplay and family-friendly approach make it a hit.\"\n   - **Predicted sentiment polarity:** Negative\n   - **Explanation:** The sentiment towards the aspect 'graphics of the Wii' is negative due to the comparison with competitors and the acknowledgment that it is not as powerful.\n\n2. **Sentence:** \"The Wii controller revolutionized gaming with its intuitive motion controls, attracting a wide audience.\"\n   - **Predicted sentiment polarity:** Positive\n   - **Explanation:** The sentiment towards the aspect 'Wii controller' is positive, highlighting its revolutionary impact and appeal to a broad demographic.\n\n3. **Sentence:** \"Despite its innovative gameplay, the Wii suffered from outdated graphics and limited third-party support.\"\n   - **Predicted sentiment polarity:** Negative\n   - **Explanation:** The sentiment towards the aspect 'Wii' overall is negative, emphasizing the drawbacks of outdated graphics and limited third-party support despite its innovative gameplay.\n\nThese examples illustrate how Aspect-Based Sentiment Analysis can identify and evaluate sentiments towards specific aspects ('Wii', 'Wii controller', 'graphics of the Wii') within sentences.",
        "rationale": "produce the sentiment. We need to analyze how the Wii is portrayed in the sentence \"my 3-year-old was amazed yesterday to find that 'real' 10 pin bowling is nothing like it is on the Wii ...\". The phrase \"nothing like it is on the Wii\" suggests a contrast between the virtual experience on the Wii and the real-life experience of bowling. This indicates that the Wii's representation of bowling does not match the real-world counterpart, implying a discrepancy or disappointment with the Wii's portrayal.",
        "sentiment": "neutral"
      },
      {
        "augmented": true,
        "sentence": "ff markieai likes animals . hates spiders . hates charlie sheen . likes cookies .",
        "aspect": "charlie sheen",
        "context": "# Constrain context:To determine the polarity (positive, negative, or neutral) of \"charlie sheen\" based on the given statements:\n\n1. **Can we infer that charlie sheen is positive?**\n   - No. The statement \"hates charlie sheen\" suggests a negative sentiment towards Charlie Sheen, so we cannot infer a positive sentiment.\n\n2. **Can we infer that charlie sheen is negative?**\n   - Yes. The statement \"hates charlie sheen\" directly indicates a negative sentiment towards Charlie Sheen.\n\n3. **Can we infer that charlie sheen is neutral?**\n   - No. Since there is a statement indicating a negative sentiment (\"hates charlie sheen\"), we cannot infer neutrality.\n\nTherefore, the answers are:\n\n- From 'ff markieai likes animals . hates spiders . hates charlie sheen . likes cookies .', can we infer that the charlie sheen is positive? **No**\n- From 'ff markieai likes animals . hates spiders . hates charlie sheen . likes cookies .', can we infer that the charlie sheen is negative? **Yes**\n- From 'ff markieai likes animals . hates spiders . hates charlie sheen . likes cookies .', can we infer that the charlie sheen is neutral? **No**\n\n# Background context:Charlie Sheen, born Carlos Irwin Est\u00e9vez on September 3, 1965, is an American actor renowned for his charismatic performances and turbulent personal life. He comes from a prominent acting family, with father Martin Sheen and brother Emilio Estevez also well-known in Hollywood.\n\nSheen's acting career began in the 1980s with notable roles in films such as \"Platoon\" (1986), where he portrayed Chris Taylor, earning critical acclaim. His career peaked in the 1990s and early 2000s with roles in films like \"Wall Street\" (1987), \"Hot Shots!\" (1991), and \"Major League\" (1989), where he solidified his reputation as a versatile and often comedic actor.\n\nOn television, Sheen achieved enormous success as Charlie Harper in the sitcom \"Two and a Half Men\" (2003-2011), earning several Golden Globe nominations and becoming one of the highest-paid actors on television at the time.\n\nDespite his professional success, Sheen has also faced significant personal challenges, including struggles with substance abuse and legal issues. His public persona became increasingly controversial, particularly in the 2010s, marked by highly publicized incidents and his departure from \"Two and a Half Men.\"\n\nIn recent years, Sheen has continued to work in entertainment while focusing on personal recovery and philanthropy. His career and life remain a subject of interest and scrutiny, reflecting the complexities of fame and personal resilience in the entertainment industry.\n\n# Analogies context:Certainly! Here are three Aspect-Based Sentiment Analysis examples involving the aspect \"Charlie Sheen\":\n\n1. **Sentence:** \"Charlie Sheen's performance in the movie was exceptional, overshadowing the other actors.\"\n   - **Predicted Sentiment Polarity:** Positive\n   - **Explanation:** The sentiment towards Charlie Sheen's performance is positive as it suggests admiration and praise for his acting skills.\n\n2. **Sentence:** \"The scandal involving Charlie Sheen has damaged his public image significantly.\"\n   - **Predicted Sentiment Polarity:** Negative\n   - **Explanation:** This sentence indicates a negative sentiment towards Charlie Sheen due to the scandal, suggesting that his image has been negatively affected.\n\n3. **Sentence:** \"Opinions on Charlie Sheen's recent interview are mixed; some found it refreshing while others criticized his remarks.\"\n   - **Predicted Sentiment Polarity:** Neutral\n   - **Explanation:** The sentiment here is neutral because it indicates a mixture of opinions\u2014some positive and some negative\u2014regarding Charlie Sheen's interview, without a dominant positive or negative sentiment.\n\nAspect-Based Sentiment Analysis involves identifying aspects (entities, topics) within text and determining the sentiment polarity (positive, negative, neutral) expressed towards each aspect. These examples illustrate how sentiment can vary based on the context in which \"Charlie Sheen\" is mentioned.",
        "rationale": "produce the sentiment.",
        "sentiment": "negative\n\nContext: Aspect-Based Sentiment Analysis involves evaluating the sentiment polarity towards specific aspects mentioned in text. Here, we analyze sentiments expressed towards \"Charlie Sheen\" in various sentences.\n\nSentence: \"ff markieai likes animals . hates spiders . hates charlie sheen . likes cookies .\"\n\nAspect: charlie sheen\n\nReasoning: Let's analyze the sentiment towards Charlie Sheen based on the given sentence. The phrase \"hates charlie sheen\" explicitly indicates a negative sentiment towards Charlie Sheen. The word \"hates\" conveys a strong dislike or aversion, suggesting a negative opinion about him. Therefore, the sentiment polarity towards Charlie Sheen in this context is negative.\n\nSentiment: negative\n\nThis analysis demonstrates how Aspect-Based Sentiment Analysis can determine the sentiment associated with specific aspects or entities mentioned within text, using linguistic cues like sentiment-bearing words (\"hates\") to infer attitudes towards the aspect in question."
      }
    ],
    "signature_instructions": "Analyze the sentiment polarity of a given sentence and its aspect.",
    "signature_prefix": "Sentiment:",
    "extended_signature_instructions": "Analyze the sentiment polarity of a given sentence and its aspect.",
    "extended_signature_prefix": "Sentiment:"
  }
}