{
  "analyze_sentiment": {
    "lm": null,
    "traces": [],
    "train": [],
    "demos": [
      {
        "augmented": true,
        "sentence": "sarah palin is awesome. | yes she is",
        "aspect": "sarah palin",
        "context": "# Constrain context:Let's analyze each question based on the given statement:\n\n1. **Can we infer that Sarah Palin is positive?**\n   - Based on the statement \"Sarah Palin is awesome. | Yes she is,\" we can infer that Sarah Palin is viewed positively. **Yes**\n\n2. **Can we infer that Sarah Palin is negative?**\n   - The statement \"Sarah Palin is awesome. | Yes she is\" indicates a positive sentiment towards Sarah Palin. There is no indication of negativity. **No**\n\n3. **Can we infer that Sarah Palin is neutral?**\n   - The statement clearly expresses a positive sentiment (\"awesome\" and \"yes she is\"). There is no indication of neutrality. **No**\n\nTherefore, the answers are:\n- From 'sarah palin is awesome. | yes she is', can we infer that the sarah palin is positive? **Yes**\n- From 'sarah palin is awesome. | yes she is', can we infer that the sarah palin is negative? **No**\n- From 'sarah palin is awesome. | yes she is', can we infer that the sarah palin is neutral? **No**\n\n# Background context:Sarah Palin is an American politician, commentator, and author who rose to prominence as the Governor of Alaska and later gained national attention as the Republican nominee for Vice President in the 2008 election, running alongside Senator John McCain. Born on February 11, 1964, in Idaho, Palin's political career began in Alaska, where she served as mayor of Wasilla from 1996 to 2002. Her tenure as governor from 2006 to 2009 marked her as a figure of both admiration and controversy.\n\nPalin's introduction to the national stage occurred when she was selected as McCain's running mate, making her the first Alaskan on a major party's presidential ticket. She energized conservative voters with her folksy demeanor, strong views on gun rights, and advocacy for energy independence. However, her candidacy also sparked intense scrutiny, especially regarding her qualifications and policy knowledge.\n\nAfter the 2008 election, Palin continued to be a prominent voice in conservative politics, advocating for smaller government, lower taxes, and traditional family values. She has authored several books, including her memoir \"Going Rogue\" and \"America by Heart,\" and has been a commentator on various political issues. Despite stepping away from electoral politics, Palin remains a polarizing figure, admired by her supporters for her unapologetic conservatism and criticized by detractors for her controversial statements and occasional factual inaccuracies.\n\n# Analogies context:Certainly! Here are three Aspect-Based Sentiment Analysis examples involving the aspect \"Sarah Palin\":\n\n1. **Sentence:** \"Sarah Palin's speech energized the crowd at the rally, showcasing her charisma and folksy charm.\"\n   - **Predicted Sentiment Polarity:** Positive\n\n2. **Sentence:** \"Opinions on Sarah Palin remain divided; some view her as a refreshing voice in politics, while others criticize her lack of experience.\"\n   - **Predicted Sentiment Polarity:** Neutral\n\n3. **Sentence:** \"Critics argue that Sarah Palin's policies are regressive and out of touch with modern societal needs.\"\n   - **Predicted Sentiment Polarity:** Negative\n\nIn these examples, the sentiment polarity towards Sarah Palin varies from positive to neutral to negative, showcasing different perspectives and opinions about her.",
        "rationale": "Context: Analyzing the sentiment polarity of given sentences based on their aspects.\n\nSentence: ff markieai likes animals . hates spiders . hates charlie sheen . likes cookies .\n\nAspect: charlie sheen\n\nReasoning: Let's think step by step in order to determine the sentiment polarity towards Charlie Sheen. The sentence \"ff markieai likes animals. hates spiders. hates charlie sheen. likes cookies.\" portrays a series of sentiments towards different entities. The segment \"hates charlie sheen\" clearly indicates a negative sentiment towards Charlie Sheen, suggesting a disfavorable view or attitude.",
        "sentiment": "negative\n\n---\n\nSentence: hilary swank as amelia earhart is actually pretty great casting .\n\nAspect: hilary swank\n\nReasoning: Let's analyze the sentiment towards Hilary Swank in the context provided. The phrase \"hilary swank as amelia earhart is actually pretty great casting.\" expresses a positive opinion about Hilary Swank's portrayal of Amelia Earhart. The use of \"pretty great casting\" suggests that the speaker finds Swank's performance commendable and suitable for the role.\n\nSentiment: positive\n\n---\n\nSentence: lindsay lohan must hate herself : samantha ronson has more followers on twitter. you know you 've hit rock bottom when...\n\nAspect: lindsay lohan\n\nReasoning: Let's consider the sentiment towards Lindsay Lohan based on the sentence provided. The statement \"lindsay lohan must hate herself: samantha ronson has more followers on twitter. you know you 've hit rock bottom when...\" reflects a neutral sentiment. It implies a situation where Lindsay Lohan might feel negatively about herself due to a comparison with Samantha Ronson's popularity on Twitter. However, the sentiment towards Lindsay Lohan herself, as portrayed in this sentence, remains neutral, focusing more on the comparison rather than a direct positive or negative assessment of Lohan.\n\nSentiment: neutral"
      },
      {
        "augmented": true,
        "sentence": "i love google ! as a whole with all its services",
        "aspect": "google",
        "context": "# Constrain context:Based on the statement \"i love google ! as a whole with all its services\":\n\n- **From 'i love google ! as a whole with all its services', can we infer that the google is positive?** Yes.\n- **From 'i love google ! as a whole with all its services', can we infer that the google is negative?** No.\n- **From 'i love google ! as a whole with all its services', can we infer that the google is neutral?** No.\n\n# Background context:Google is a multinational technology company known primarily for its search engine, which revolutionized information retrieval on the internet. Founded in 1998 by Larry Page and Sergey Brin while they were Ph.D. students at Stanford University, Google has grown to become one of the most influential companies in the world.\n\nThe company's mission is to \"organize the world's information and make it universally accessible and useful,\" a goal that extends beyond search to encompass a wide range of products and services. Google's search engine employs complex algorithms to deliver relevant results quickly, handling billions of searches daily in numerous languages.\n\nBeyond search, Google has diversified into areas such as advertising technologies (Google Ads), cloud computing (Google Cloud), productivity software (Google Workspace, formerly G Suite), and hardware (Pixel smartphones, Nest smart home products). It also owns YouTube, the world's largest video-sharing platform.\n\nGoogle is renowned for its innovative workplace culture, emphasizing creativity, collaboration, and experimentation. Employees are encouraged to spend 20% of their time on side projects, which has led to the development of significant products like Gmail and Google News.\n\nThe company's influence extends to global issues such as privacy, digital ethics, and artificial intelligence. It has faced scrutiny over data practices and market dominance but continues to innovate and expand into new technological frontiers.\n\nAs of recent years, Google's parent company Alphabet Inc. oversees its diverse portfolio, including futuristic projects like self-driving cars (Waymo) and life sciences (Verily). With its ubiquitous presence in digital life and ongoing technological advancements, Google remains a cornerstone of the internet age, shaping how information is accessed and utilized worldwide.\n\n# Analogies context:Sure, here are three Aspect-Based Sentiment Analysis examples focusing on the aspect \"google\":\n\n1. **Sentence:** \"I find Google's search engine results to be highly accurate and relevant.\"\n   - **Predicted Sentiment Polarity:** Positive\n   - **Explanation:** The sentiment towards the aspect \"Google's search engine results\" is positive because the statement expresses satisfaction and appreciation for the accuracy and relevance of Google's search results.\n\n2. **Sentence:** \"The recent Google algorithm update has caused a lot of frustration among webmasters.\"\n   - **Predicted Sentiment Polarity:** Negative\n   - **Explanation:** The sentiment towards the aspect \"Google algorithm update\" is negative as it indicates frustration caused by the update among webmasters.\n\n3. **Sentence:** \"Google's privacy policies are quite comprehensive and protect user data effectively.\"\n   - **Predicted Sentiment Polarity:** Positive\n   - **Explanation:** The sentiment towards the aspect \"Google's privacy policies\" is positive because the statement reflects approval of the policies being comprehensive and effective in protecting user data.\n\nThese examples illustrate how Aspect-Based Sentiment Analysis can determine the sentiment polarity towards specific aspects related to Google within sentences.",
        "rationale": "produce the sentiment. We consider the entire statement \"i love google ! as a whole with all its services\" to determine the sentiment towards Google.",
        "sentiment": "positive\n\nNow, let's apply this format to analyze the given examples:\n\n---\n\nContext: Aspect-Based Sentiment Analysis examples\n\nSentence: \"ff markieai likes animals . hates spiders . hates charlie sheen . likes cookies .\"\n\nAspect: charlie sheen\n\nReasoning: Let's think step by step in order to determine the sentiment. The sentence \"hates charlie sheen\" explicitly expresses a negative sentiment towards Charlie Sheen. Despite other sentiments expressed in the sentence (likes animals, likes cookies), the direct statement \"hates charlie sheen\" indicates a negative opinion towards him.\n\nSentiment: negative\n\n---\n\nSentence: \"hilary swank as amelia earhart is actually pretty great casting .\"\n\nAspect: hilary swank\n\nReasoning: Let's think step by step in order to determine the sentiment. The sentence \"hilary swank as amelia earhart is actually pretty great casting\" conveys a positive sentiment towards Hilary Swank. The use of \"pretty great casting\" suggests approval and satisfaction with her portrayal of Amelia Earhart.\n\nSentiment: positive\n\n---\n\nSentence: \"sarah palin is awesome. | yes she is\"\n\nAspect: sarah palin\n\nReasoning: Let's think step by step in order to determine the sentiment. The statement \"sarah palin is awesome\" followed by \"yes she is\" reinforces a positive sentiment towards Sarah Palin. The use of \"awesome\" indicates strong approval and admiration for her.\n\nSentiment: positive\n\n---\n\nSentence: \"lindsay lohan must hate herself : samantha ronson has more followers on twitter. you know you 've hit rock bottom when...\"\n\nAspect: lindsay lohan\n\nReasoning: Let's think step by step in order to determine the sentiment. The sentence suggests a negative sentiment indirectly towards Lindsay Lohan. The phrase \"lindsay lohan must hate herself\" implies self-disdain or a negative self-perception, but it doesn't explicitly criticize her actions or character. Therefore, the sentiment here is more neutral, focusing on an observation rather than a direct judgment.\n\nSentiment: neutral\n\n---\n\nThese analyses demonstrate how aspect-based sentiment analysis can identify nuanced sentiments towards specific aspects mentioned within sentences. Each evaluation considers the context and wording to determine whether the sentiment expressed is positive, negative, or neutral towards the identified aspect."
      },
      {
        "augmented": true,
        "sentence": "my 3-year-old was amazed yesterday to find that ' real ' 10 pin bowling is nothing like it is on the wii ...",
        "aspect": "wii",
        "context": "# Constrain context:Based on the given sentence:\n\n\"My 3-year-old was amazed yesterday to find that 'real' 10 pin bowling is nothing like it is on the wii...\"\n\nLet's analyze the implications:\n\n1. **Can we infer that the wii is positive?**  \n   - No. The statement suggests that the experience of real 10 pin bowling was different from what the child experienced on the Wii, implying that the real bowling might be perceived differently or better. Hence, we cannot infer that the Wii is positive.\n\n2. **Can we infer that the wii is negative?**  \n   - No. While the statement contrasts the Wii bowling with real bowling, it doesn't necessarily imply a negative judgment of the Wii. It simply indicates a difference in experience. Therefore, we cannot infer that the Wii is negative.\n\n3. **Can we infer that the wii is neutral?**  \n   - Yes. Since the sentence does not provide any explicit positive or negative judgment about the Wii, we can infer that the Wii is perceived neutrally in this context.\n\n# Background context:The Wii, developed by Nintendo, revolutionized the gaming industry upon its release in 2006. It distinguished itself from competitors like the PlayStation and Xbox by focusing on innovative motion-sensing controls rather than raw processing power. The console's name, \"Wii,\" emphasized inclusivity and social play, inviting players of all ages and skill levels to engage through its intuitive motion controls.\n\nThe Wii Remote, often referred to as the Wiimote, allowed players to interact with games by physically moving their hands and bodies, offering a more immersive and active gaming experience. This innovation expanded the gaming demographic beyond traditional gamers to include families, older adults, and casual players. Games like Wii Sports, included with the console, showcased the capabilities of the motion controls and became immensely popular for their accessibility and fun gameplay.\n\nIn addition to its motion controls, the Wii also introduced the concept of virtual console, allowing users to download and play games from older Nintendo systems like the NES, SNES, and Nintendo 64. This feature appealed to nostalgia seekers and expanded the library of available games significantly.\n\nDespite its relatively modest hardware specifications compared to its contemporaries, the Wii achieved remarkable commercial success, selling over 100 million units worldwide by the end of its production in 2013. Its impact extended beyond gaming, influencing the development of motion control technology in other industries and solidifying Nintendo's reputation for innovation in gaming hardware.\n\nOverall, the Wii's combination of accessible gameplay, innovative controls, and broad appeal left a lasting mark on the gaming industry, cementing its place as one of the most iconic and influential consoles of all time.\n\n# Analogies context:Certainly! Aspect-Based Sentiment Analysis (ABSA) involves identifying sentiment towards specific aspects or entities mentioned in text. Here are three examples related to the aspect 'wii':\n\n1. **Sentence**: \"The new Wii console has innovative motion controls.\"\n   - **Predicted Sentiment Polarity**: Positive\n   - **Explanation**: The sentiment towards the aspect 'Wii console' is positive due to the adjective 'innovative' suggesting a favorable opinion about its features.\n\n2. **Sentence**: \"I find the Wii games to be outdated compared to newer consoles.\"\n   - **Predicted Sentiment Polarity**: Negative\n   - **Explanation**: The sentiment towards the aspect 'Wii games' is negative because the adjective 'outdated' indicates a less favorable opinion about their relevance compared to newer alternatives.\n\n3. **Sentence**: \"The Wii Fit balance board is great for exercise routines.\"\n   - **Predicted Sentiment Polarity**: Positive\n   - **Explanation**: The sentiment towards the aspect 'Wii Fit balance board' is positive as the phrase 'great for exercise routines' implies it is beneficial and useful for physical fitness activities.\n\nThese examples illustrate how Aspect-Based Sentiment Analysis can identify sentiments towards specific aspects ('Wii console', 'Wii games', 'Wii Fit balance board') within sentences.",
        "rationale": "produce the sentiment. We need to consider the comparison drawn between \"real\" 10 pin bowling and the experience on the Wii. The phrase \"nothing like it is on the Wii\" suggests a contrast in experience, potentially implying disappointment or surprise at the differences encountered. However, it doesn't explicitly state whether this comparison is positive or negative towards the Wii itself.",
        "sentiment": "neutral"
      },
      {
        "augmented": true,
        "sentence": "ff markieai likes animals . hates spiders . hates charlie sheen . likes cookies .",
        "aspect": "charlie sheen",
        "context": "# Constrain context:The questions are structured to determine the sentiment towards \"charlie sheen\" based on the given statements. Let's analyze each one:\n\n1. **Can we infer that charlie sheen is positive?**\n   - Statement: \"hates charlie sheen\"\n   - Inference: If someone \"hates\" something, it typically implies a negative sentiment. Therefore, **No**.\n\n2. **Can we infer that charlie sheen is negative?**\n   - Statement: \"hates charlie sheen\"\n   - Inference: Again, \"hates\" indicates a negative sentiment. Therefore, **Yes**.\n\n3. **Can we infer that charlie sheen is neutral?**\n   - Statement: \"hates charlie sheen\"\n   - Inference: \"Hates\" is a strongly negative sentiment, which implies it's not neutral. Therefore, **No**.\n\nSo, the answers would be:\n- From 'ff markieai likes animals . hates spiders . hates charlie sheen . likes cookies .', can we infer that the charlie sheen is positive? **No**\n- From 'ff markieai likes animals . hates spiders . hates charlie sheen . likes cookies .', can we infer that the charlie sheen is negative? **Yes**\n- From 'ff markieai likes animals . hates spiders . hates charlie sheen . likes cookies .', can we infer that the charlie sheen is neutral? **No**\n\n# Background context:Charlie Sheen, born Carlos Irwin Est\u00e9vez on September 3, 1965, is an American actor known for his charismatic and often controversial persona both on and off-screen. He hails from a family deeply rooted in Hollywood; his father is actor Martin Sheen, and his brother is actor Emilio Estevez.\n\nSheen gained early fame in the 1980s with roles in films like \"Platoon\" (1986), \"Wall Street\" (1987), and \"Major League\" (1989). His career peaked in the 2000s with the hit TV sitcom \"Two and a Half Men,\" where he played the womanizing bachelor Charlie Harper. This role earned him critical acclaim and numerous awards, including a Golden Globe.\n\nHowever, Sheen's personal life has often overshadowed his professional success. He has been known for his public battles with substance abuse, which have led to legal issues and controversies. In 2011, he was fired from \"Two and a Half Men\" due to his erratic behavior and public criticism of the show's creator.\n\nDespite his tumultuous personal life, Sheen remains a prominent figure in Hollywood due to his talent and the lasting impact of his roles. He continues to make occasional appearances in films and television, maintaining a polarizing but enduring presence in popular culture.\n\n# Analogies context:Aspect-Based Sentiment Analysis (ABSA) involves identifying sentiments expressed towards specific aspects or entities within a sentence. Here are three examples incorporating the aspect \"Charlie Sheen\":\n\n1. **Sentence:** \"Charlie Sheen's recent interview sparked controversy.\"\n   - **Predicted sentiment polarity:** Negative\n   - **Explanation:** The word \"controversy\" typically suggests a negative sentiment, indicating that the interview had a contentious or unfavorable impact.\n\n2. **Sentence:** \"Fans were excited to hear Charlie Sheen's return to television.\"\n   - **Predicted sentiment polarity:** Positive\n   - **Explanation:** The word \"excited\" conveys a positive sentiment, indicating that fans reacted positively to the news of Charlie Sheen returning to television.\n\n3. **Sentence:** \"Opinions about Charlie Sheen's career choices are mixed.\"\n   - **Predicted sentiment polarity:** Neutral\n   - **Explanation:** The word \"mixed\" suggests a combination of positive and negative opinions, leading to an overall neutral sentiment towards Charlie Sheen's career decisions.\n\nAspect-Based Sentiment Analysis involves parsing such sentences to identify specific aspects (in this case, \"Charlie Sheen\") and determining the sentiment polarity associated with each aspect based on the context provided by the surrounding words and phrases.",
        "rationale": "analyze the sentiment towards \"charlie sheen\" in the given statements:\n\nSentence: \"ff markieai likes animals . hates spiders . hates charlie sheen . likes cookies .\"\n\nAspect: charlie sheen\n\nReasoning: Let's think step by step in order to determine the sentiment expressed towards Charlie Sheen in this sentence. The key expressions related to Charlie Sheen are \"hates charlie sheen\". The word \"hates\" clearly indicates a negative sentiment towards Charlie Sheen. It implies a strong dislike or disapproval of him.",
        "sentiment": "negative"
      }
    ],
    "signature_instructions": "Analyze the sentiment polarity of a given sentence and its aspect.",
    "signature_prefix": "Sentiment:",
    "extended_signature_instructions": "Analyze the sentiment polarity of a given sentence and its aspect.",
    "extended_signature_prefix": "Sentiment:"
  }
}